{"RDKit": {"rf": {"fit_time": 37.48788595199585, "score_time": 0.06062483787536621, "test_RMSE": -0.7138903841997546, "test_MAE": -0.48205345919370707, "test_rSq": 0.9025000709084889}, "xgb": {"fit_time": 100.21076393127441, "score_time": 0.06261610984802246, "test_RMSE": -0.6167269876000416, "test_MAE": -0.4286495643126226, "test_rSq": 0.9272342278847163}, "krr": {"fit_time": 0.6102371215820312, "score_time": 0.10265040397644043, "test_RMSE": -3.143545375960189, "test_MAE": -3.039099844957869, "test_rSq": -0.8905175032789756}}, "1024ecfp-4": {"rf": {"fit_time": 177.59820199012756, "score_time": 0.10824298858642578, "test_RMSE": -0.7013591788715311, "test_MAE": -0.47462923183432476, "test_rSq": 0.9058929400591028}, "xgb": {"fit_time": 114.2187557220459, "score_time": 0.06069183349609375, "test_RMSE": -0.7189345263384763, "test_MAE": -0.45539196391865217, "test_rSq": 0.9011173909281052}, "krr": {"fit_time": 0.605022668838501, "score_time": 0.10381054878234863, "test_RMSE": -3.143545375960189, "test_MAE": -3.039099844957869, "test_rSq": -0.8905175032789756}}, "1024ecfp-6": {"rf": {"fit_time": 202.88830280303955, "score_time": 0.11650848388671875, "test_RMSE": -0.7010212783526374, "test_MAE": -0.4758471464391042, "test_rSq": 0.9059835959322458}, "xgb": {"fit_time": 46.43270206451416, "score_time": 0.06081700325012207, "test_RMSE": -0.6201399638847875, "test_MAE": -0.3945178949706323, "test_rSq": 0.9264266256881828}, "krr": {"fit_time": 0.6847367286682129, "score_time": 0.10901665687561035, "test_RMSE": -3.143545375960189, "test_MAE": -3.039099844957869, "test_rSq": -0.8905175032789756}}, "2048ecfp-4": {"rf": {"fit_time": 13.161967515945435, "score_time": 0.05168747901916504, "test_RMSE": -0.6969086386521015, "test_MAE": -0.4710752212389382, "test_rSq": 0.9070834809803038}, "xgb": {"fit_time": 39.85421848297119, "score_time": 0.05545163154602051, "test_RMSE": -0.6486858040130593, "test_MAE": -0.4344451494554503, "test_rSq": 0.9194973784966313}, "krr": {"fit_time": 0.5994675159454346, "score_time": 0.10135793685913086, "test_RMSE": -3.143545375960189, "test_MAE": -3.039099844957869, "test_rSq": -0.8905175032789756}}, "2048ecfp-6": {"rf": {"fit_time": 239.35019063949585, "score_time": 0.12733197212219238, "test_RMSE": -0.7001362181005235, "test_MAE": -0.4729867623927045, "test_rSq": 0.9062208430948859}, "xgb": {"fit_time": 114.15207004547119, "score_time": 0.058242082595825195, "test_RMSE": -0.7189345263384763, "test_MAE": -0.45539196391865217, "test_rSq": 0.9011173909281052}, "krr": {"fit_time": 0.5958421230316162, "score_time": 0.10240507125854492, "test_RMSE": -3.143545375960189, "test_MAE": -3.039099844957869, "test_rSq": -0.8905175032789756}}, "1024ecfp-4 + RDKit": {"rf": {"fit_time": 12.679200410842896, "score_time": 0.05108928680419922, "test_RMSE": -0.7077039352205619, "test_MAE": -0.4694930004214076, "test_rSq": 0.9041825836056864}, "xgb": {"fit_time": 22.97048044204712, "score_time": 0.05321788787841797, "test_RMSE": -0.6878863507720515, "test_MAE": -0.4609541940330404, "test_rSq": 0.9094737313781486}, "krr": {"fit_time": 0.6018226146697998, "score_time": 0.11254763603210449, "test_RMSE": -3.1630945891447975, "test_MAE": -3.0541138730716337, "test_rSq": -0.9141042778653048}}, "1024ecfp-6 + RDKit": {"rf": {"fit_time": 50.50467276573181, "score_time": 0.06496620178222656, "test_RMSE": -0.7068071122096982, "test_MAE": -0.4761003350189638, "test_rSq": 0.9044252749693813}, "xgb": {"fit_time": 44.066184520721436, "score_time": 0.054398298263549805, "test_RMSE": -0.6201399638847875, "test_MAE": -0.3945178949706323, "test_rSq": 0.9264266256881828}, "krr": {"fit_time": 0.6157388687133789, "score_time": 0.1095421314239502, "test_RMSE": -3.143545375960189, "test_MAE": -3.039099844957869, "test_rSq": -0.8905175032789756}}, "2048ecfp-4 + RDKit": {"rf": {"fit_time": 63.02849340438843, "score_time": 0.07072091102600098, "test_RMSE": -0.6968893536318153, "test_MAE": -0.4740734068268022, "test_rSq": 0.9070886233248292}, "xgb": {"fit_time": 98.02775382995605, "score_time": 0.05900979042053223, "test_RMSE": -0.6167269876000416, "test_MAE": -0.4286495643126226, "test_rSq": 0.9272342278847163}, "krr": {"fit_time": 0.6047337055206299, "score_time": 0.10142874717712402, "test_RMSE": -3.1630945891447975, "test_MAE": -3.0541138730716337, "test_rSq": -0.9141042778653048}}, "2048ecfp-6 + RDKit": {"rf": {"fit_time": 53.97091746330261, "score_time": 0.06562423706054688, "test_RMSE": -0.6989090792741514, "test_MAE": -0.47649519026548703, "test_rSq": 0.9065492911606908}, "xgb": {"fit_time": 27.91381025314331, "score_time": 0.05744504928588867, "test_RMSE": -0.7103944013388035, "test_MAE": -0.45189023386271654, "test_rSq": 0.9034526638634979}, "krr": {"fit_time": 0.6185388565063477, "score_time": 0.10188484191894531, "test_RMSE": -3.1630945891447975, "test_MAE": -3.0541138730716337, "test_rSq": -0.9141042778653048}}}