{"RDKit": {"rf": {"fit_time": 16.95240330696106, "score_time": 0.06190204620361328, "test_RMSE": -1.204180261142242, "test_MAE": -0.7554420402930394, "test_rSq": 0.9306435067795106}, "xgb": {"fit_time": 13.718799591064453, "score_time": 0.05083823204040527, "test_RMSE": -0.8587341262113889, "test_MAE": -0.6138222175011269, "test_rSq": 0.9647286922130722}, "krr": {"fit_time": 0.3445553779602051, "score_time": 0.06754422187805176, "test_RMSE": -4.315620500878094, "test_MAE": -3.987429343044197, "test_rSq": 0.10917865757983747}}, "1024ecfp-4": {"rf": {"fit_time": 32.67711782455444, "score_time": 0.07048368453979492, "test_RMSE": -1.1721786574091546, "test_MAE": -0.7437173479853473, "test_rSq": 0.934280880271016}, "xgb": {"fit_time": 14.255216836929321, "score_time": 0.05059385299682617, "test_RMSE": -1.021567744638817, "test_MAE": -0.7489281821067517, "test_rSq": 0.9500841510109725}, "krr": {"fit_time": 0.33800578117370605, "score_time": 0.06471824645996094, "test_RMSE": -4.315620500878094, "test_MAE": -3.987429343044197, "test_rSq": 0.10917865757983747}}, "1024ecfp-6": {"rf": {"fit_time": 5.5080788135528564, "score_time": 0.04982614517211914, "test_RMSE": -1.1299317467944008, "test_MAE": -0.735522, "test_rSq": 0.9389327251239871}, "xgb": {"fit_time": 22.009165048599243, "score_time": 0.052300453186035156, "test_RMSE": -0.7272613060536183, "test_MAE": -0.5367538028313563, "test_rSq": 0.9747020644704919}, "krr": {"fit_time": 0.34687089920043945, "score_time": 0.06852602958679199, "test_RMSE": -4.315620500878094, "test_MAE": -3.987429343044197, "test_rSq": 0.10917865757983747}}, "2048ecfp-4": {"rf": {"fit_time": 54.941221475601196, "score_time": 0.09136438369750977, "test_RMSE": -1.156388593034269, "test_MAE": -0.7265178102564095, "test_rSq": 0.9360395196928304}, "xgb": {"fit_time": 70.6081953048706, "score_time": 0.05501270294189453, "test_RMSE": -0.915736195391503, "test_MAE": -0.6475014133636768, "test_rSq": 0.9598907187781821}, "krr": {"fit_time": 0.34432125091552734, "score_time": 0.0661005973815918, "test_RMSE": -4.315620500878094, "test_MAE": -3.987429343044197, "test_rSq": 0.10917865757983747}}, "2048ecfp-6": {"rf": {"fit_time": 5.718426465988159, "score_time": 0.05124521255493164, "test_RMSE": -1.4980508149951701, "test_MAE": -0.7988399999999999, "test_rSq": 0.892661083088188}, "xgb": {"fit_time": 13.531127691268921, "score_time": 0.0515902042388916, "test_RMSE": -0.8587341262113889, "test_MAE": -0.6138222175011269, "test_rSq": 0.9647286922130722}, "krr": {"fit_time": 0.3451089859008789, "score_time": 0.06539654731750488, "test_RMSE": -4.315620500878094, "test_MAE": -3.987429343044197, "test_rSq": 0.10917865757983747}}, "1024ecfp-4 + RDKit": {"rf": {"fit_time": 11.037238597869873, "score_time": 0.05469703674316406, "test_RMSE": -1.1904547424345508, "test_MAE": -0.7463617179487179, "test_rSq": 0.9322155779772006}, "xgb": {"fit_time": 21.87447166442871, "score_time": 0.0507967472076416, "test_RMSE": -0.7272613060536183, "test_MAE": -0.5367538028313563, "test_rSq": 0.9747020644704919}, "krr": {"fit_time": 0.3475368022918701, "score_time": 0.06536436080932617, "test_RMSE": -4.299798678701187, "test_MAE": -3.9791854988732327, "test_rSq": 0.11569849896317719}}, "1024ecfp-6 + RDKit": {"rf": {"fit_time": 36.47638463973999, "score_time": 0.07152938842773438, "test_RMSE": -1.2423379364836775, "test_MAE": -0.7620220743066454, "test_rSq": 0.9261783729781892}, "xgb": {"fit_time": 21.909334897994995, "score_time": 0.05264115333557129, "test_RMSE": -0.7272613060536183, "test_MAE": -0.5367538028313563, "test_rSq": 0.9747020644704919}, "krr": {"fit_time": 0.3566148281097412, "score_time": 0.0707864761352539, "test_RMSE": -4.315620500878094, "test_MAE": -3.987429343044197, "test_rSq": 0.10917865757983747}}, "2048ecfp-4 + RDKit": {"rf": {"fit_time": 5.80177116394043, "score_time": 0.05082225799560547, "test_RMSE": -1.1902821526525031, "test_MAE": -0.7451923076923075, "test_rSq": 0.9322352310562543}, "xgb": {"fit_time": 21.732135772705078, "score_time": 0.05446982383728027, "test_RMSE": -0.7272613060536183, "test_MAE": -0.5367538028313563, "test_rSq": 0.9747020644704919}, "krr": {"fit_time": 0.33759617805480957, "score_time": 0.06512165069580078, "test_RMSE": -4.299798678701187, "test_MAE": -3.9791854988732327, "test_rSq": 0.11569849896317719}}, "2048ecfp-6 + RDKit": {"rf": {"fit_time": 5.644321918487549, "score_time": 0.04928326606750488, "test_RMSE": -1.0120090935641743, "test_MAE": -0.7196584102564103, "test_rSq": 0.9510138905780962}, "xgb": {"fit_time": 21.930947065353394, "score_time": 0.0529634952545166, "test_RMSE": -0.7272613060536183, "test_MAE": -0.5367538028313563, "test_rSq": 0.9747020644704919}, "krr": {"fit_time": 0.3519158363342285, "score_time": 0.06502127647399902, "test_RMSE": -4.30792791247069, "test_MAE": -3.9614201150247883, "test_rSq": 0.11235160313704351}}}