{"RDKit": {"rf": {"fit_time": 2.652890920639038, "score_time": 0.016608715057373047, "test_RMSE": -1.0023043032603076, "train_RMSE": -0.46429784887451925, "test_MAE": -0.6422492307692309, "train_MAE": -0.2594441703869047, "test_rSq": 0.9268884596116137, "train_rSq": 0.9847514947992385}, "xgb": {"fit_time": 0.6147453784942627, "score_time": 0.005810260772705078, "test_RMSE": -0.8126939614121184, "train_RMSE": -0.2502822863615043, "test_MAE": -0.5625900937960698, "train_MAE": -0.189542373418808, "test_rSq": 0.9519336870328428, "train_rSq": 0.9955690774749724}, "krr": {"fit_time": 0.03409099578857422, "score_time": 0.00857686996459961, "test_RMSE": -4.024145057868256, "train_RMSE": -3.8951658711054202, "test_MAE": -3.849511406721217, "train_MAE": -3.799217263853693, "test_rSq": -0.17851197240790118, "train_rSq": -0.07321279502674716}}, "1024ecfp-4": {"rf": {"fit_time": 4.6691811084747314, "score_time": 0.03219008445739746, "test_RMSE": -2.070788659116791, "train_RMSE": -0.7534528890054394, "test_MAE": -1.3126281064306056, "train_MAE": -0.45626804372295127, "test_rSq": 0.6879254880606744, "train_rSq": 0.9598443986539019}, "xgb": {"fit_time": 1.950653314590454, "score_time": 0.011837244033813477, "test_RMSE": -1.9387374624814082, "train_RMSE": -0.5956706512296949, "test_MAE": -1.3410719384046703, "train_MAE": -0.47189114965032786, "test_rSq": 0.7264575396040963, "train_rSq": 0.9749015827561534}, "krr": {"fit_time": 0.0844888687133789, "score_time": 0.020030736923217773, "test_RMSE": -4.749569645964818, "train_RMSE": -3.8405734553941007, "test_MAE": -4.025945220990454, "train_MAE": -3.798457031250096, "test_rSq": -0.641705544982698, "train_rSq": -0.04334053588543085}}, "1024ecfp-6": {"rf": {"fit_time": 1.0002326965332031, "score_time": 0.015211343765258789, "test_RMSE": -2.1860986554428945, "train_RMSE": -0.7976686331095257, "test_MAE": -1.4035750769230773, "train_MAE": -0.48368289062500003, "test_rSq": 0.652202658085149, "train_rSq": 0.9549931147482562}, "xgb": {"fit_time": 3.510697841644287, "score_time": 0.012166261672973633, "test_RMSE": -1.8943391084954497, "train_RMSE": -0.6588278373532472, "test_MAE": -1.3653013499333309, "train_MAE": -0.5018615507893265, "test_rSq": 0.7388426849814196, "train_rSq": 0.969297212184618}, "krr": {"fit_time": 0.09251785278320312, "score_time": 0.018535137176513672, "test_RMSE": -4.306730973109445, "train_RMSE": -3.8331963696679536, "test_MAE": -3.786413199244667, "train_MAE": -3.7984570312500883, "test_rSq": -0.3498398078210352, "train_rSq": -0.03933622739721154}}, "2048ecfp-4": {"rf": {"fit_time": 9.22868299484253, "score_time": 0.061727046966552734, "test_RMSE": -2.090822603794563, "train_RMSE": -0.735234297314352, "test_MAE": -1.335047840903538, "train_MAE": -0.448397900235615, "test_rSq": 0.6818579190487686, "train_rSq": 0.9617628561513814}, "xgb": {"fit_time": 13.23547649383545, "score_time": 0.020020008087158203, "test_RMSE": -1.8993275107589322, "train_RMSE": -0.12236827810430019, "test_MAE": -1.233505530980917, "train_MAE": -0.08454036392970012, "test_rSq": 0.7374654521249212, "train_rSq": 0.9989408154749615}, "krr": {"fit_time": 0.12340593338012695, "score_time": 0.02205801010131836, "test_RMSE": -4.81472363984982, "train_RMSE": -3.8216480885956337, "test_MAE": -4.181712941453448, "train_MAE": -3.7984570312501784, "test_rSq": -0.6870558980106101, "train_rSq": -0.03308323867754659}}, "2048ecfp-6": {"rf": {"fit_time": 1.333986520767212, "score_time": 0.02123236656188965, "test_RMSE": -2.148228603076712, "train_RMSE": -0.7595184727504667, "test_MAE": -1.3655784615384614, "train_MAE": -0.4594385109747025, "test_rSq": 0.6641481585371392, "train_rSq": 0.9591952603448074}, "xgb": {"fit_time": 3.6428091526031494, "score_time": 0.019147634506225586, "test_RMSE": -1.9306130351812472, "train_RMSE": -0.9788586175071643, "test_MAE": -1.3797517715234024, "train_MAE": -0.7346502352738753, "test_rSq": 0.7287453370579978, "train_rSq": 0.9322243227147908}, "krr": {"fit_time": 0.13573861122131348, "score_time": 0.023913145065307617, "test_RMSE": -4.711820539306063, "train_RMSE": -3.8158605203651694, "test_MAE": -4.14233833317254, "train_MAE": -3.798457031250225, "test_rSq": -0.6157130256468091, "train_rSq": -0.02995657069878166}}, "1024ecfp-4 + RDKit": {"rf": {"fit_time": 3.0602664947509766, "score_time": 0.0204925537109375, "test_RMSE": -1.012892165867922, "train_RMSE": -0.4542623440207823, "test_MAE": -0.6223092307692308, "train_MAE": -0.26589631882440473, "test_rSq": 0.9253356706507084, "train_rSq": 0.9854035446129271}, "xgb": {"fit_time": 3.9666569232940674, "score_time": 0.013829231262207031, "test_RMSE": -0.8728760954503039, "train_RMSE": -0.10740699812198677, "test_MAE": -0.6119504712544954, "train_MAE": -0.0860757961659692, "test_rSq": 0.9445512264712448, "train_rSq": 0.9991839832249357}, "krr": {"fit_time": 0.09774398803710938, "score_time": 0.016471385955810547, "test_RMSE": -3.862713208528981, "train_RMSE": -3.7998568920563764, "test_MAE": -3.6361908731484975, "train_MAE": -3.7984570312497823, "test_rSq": -0.08585459524814154, "train_rSq": -0.021335460309420684}}, "1024ecfp-6 + RDKit": {"rf": {"fit_time": 11.46659803390503, "score_time": 0.03722858428955078, "test_RMSE": -1.0139098876856143, "train_RMSE": -0.45583615787886766, "test_MAE": -0.6290934285714292, "train_MAE": -0.25456292614441556, "test_rSq": 0.9251855545880838, "train_rSq": 0.9853022291591935}, "xgb": {"fit_time": 4.5964531898498535, "score_time": 0.014681100845336914, "test_RMSE": -0.8670681733907083, "train_RMSE": -0.10957337002013831, "test_MAE": -0.562394720517672, "train_MAE": -0.08946575558511541, "test_rSq": 0.9452866590450983, "train_rSq": 0.9991507335514955}, "krr": {"fit_time": 0.10245823860168457, "score_time": 0.017310142517089844, "test_RMSE": -3.9414575437846304, "train_RMSE": -3.8058097504186397, "test_MAE": -3.789959594849081, "train_MAE": -3.7984570312499755, "test_rSq": -0.13057779093485755, "train_rSq": -0.02453801654718868}}, "2048ecfp-4 + RDKit": {"rf": {"fit_time": 1.718538522720337, "score_time": 0.029155492782592773, "test_RMSE": -1.1375591146201525, "train_RMSE": -0.505361850176573, "test_MAE": -0.6955270769230768, "train_MAE": -0.26984445312500016, "test_rSq": 0.9058252028624888, "train_rSq": 0.9819349637709975}, "xgb": {"fit_time": 4.9954962730407715, "score_time": 0.020975828170776367, "test_RMSE": -0.8406629800881757, "train_RMSE": -0.10420993727265698, "test_MAE": -0.5215427601337432, "train_MAE": -0.08312635116279127, "test_rSq": 0.9485683342565546, "train_rSq": 0.9992318390989156}, "krr": {"fit_time": 0.12920498847961426, "score_time": 0.023920059204101562, "test_RMSE": -4.048597407342099, "train_RMSE": -3.799437864100185, "test_MAE": -3.8384235378665217, "train_MAE": -3.7984570312508437, "test_rSq": -0.1928777267731583, "train_rSq": -0.021110217872320813}}, "2048ecfp-6 + RDKit": {"rf": {"fit_time": 2.0166354179382324, "score_time": 0.023256540298461914, "test_RMSE": -1.0291521743088416, "train_RMSE": -0.5151205143349827, "test_MAE": -0.6415623076923077, "train_MAE": -0.2757403841145834, "test_rSq": 0.9229192492189059, "train_rSq": 0.981230546808857}, "xgb": {"fit_time": 6.371872663497925, "score_time": 0.022008180618286133, "test_RMSE": -0.9003121949220851, "train_RMSE": -0.10432223609588047, "test_MAE": -0.6053379701834457, "train_MAE": -0.08257817691192032, "test_rSq": 0.9410107316155004, "train_rSq": 0.9992301826341443}, "krr": {"fit_time": 0.14083075523376465, "score_time": 0.02628612518310547, "test_RMSE": -4.058997035112414, "train_RMSE": -3.798476427788309, "test_MAE": -3.8941453550734217, "train_MAE": -3.79845703256425, "test_rSq": -0.1990138850824501, "train_rSq": -0.02059350552445194}}}