{"RDKit": {"rf": {"fit_time": 5.103492736816406, "score_time": 0.016200542449951172, "test_RMSE": -0.5920647587195759, "train_RMSE": -0.2465493814597823, "test_MAE": -0.4494581435594889, "train_MAE": -0.17824334399746583, "test_rSq": 0.9236645280788026, "train_rSq": 0.9857281321761313}, "xgb": {"fit_time": 4.066908836364746, "score_time": 0.007375478744506836, "test_RMSE": -0.5005654271423774, "train_RMSE": -0.010914177743283552, "test_MAE": -0.3598960242018236, "train_MAE": -0.006070855315667301, "test_rSq": 0.9454355636727179, "train_rSq": 0.9999720324112612}, "krr": {"fit_time": 0.06357836723327637, "score_time": 0.009465217590332031, "test_RMSE": -3.131006573663727, "train_RMSE": -3.100164292109674, "test_MAE": -3.0725015250124503, "train_MAE": -3.0362072476907893, "test_rSq": -1.134793789745482, "train_rSq": -1.256536692308842}}, "1024ecfp-4": {"rf": {"fit_time": 28.857407093048096, "score_time": 0.0700373649597168, "test_RMSE": -1.3267016528847746, "train_RMSE": -0.5011022241306955, "test_MAE": -0.9392152899322931, "train_MAE": -0.34724525091383196, "test_rSq": 0.6167038012251501, "train_rSq": 0.9410443216196969}, "xgb": {"fit_time": 17.360647916793823, "score_time": 0.01310276985168457, "test_RMSE": -1.1734703092890246, "train_RMSE": -0.30217481952516745, "test_MAE": -0.8306433166043948, "train_MAE": -0.12832741811931, "test_rSq": 0.7001305774818077, "train_rSq": 0.9785617405231481}, "krr": {"fit_time": 0.13574433326721191, "score_time": 0.018656492233276367, "test_RMSE": -3.515883601111265, "train_RMSE": -3.0881178418127004, "test_MAE": -3.1944341625401473, "train_MAE": -3.0351474501108644, "test_rSq": -1.691887768674373, "train_rSq": -1.2390341079696623}}, "1024ecfp-6": {"rf": {"fit_time": 40.47380018234253, "score_time": 0.07374954223632812, "test_RMSE": -1.4236435339278053, "train_RMSE": -0.46804658908321095, "test_MAE": -0.9782304982090199, "train_MAE": -0.33613905936762545, "test_rSq": 0.5586425195504563, "train_rSq": 0.948565899446574}, "xgb": {"fit_time": 7.288311243057251, "score_time": 0.012508392333984375, "test_RMSE": -1.3033588557315419, "train_RMSE": -0.5386210217912536, "test_MAE": -0.9324004153888837, "train_MAE": -0.4129796474157046, "test_rSq": 0.630073037792831, "train_rSq": 0.931885499030136}, "krr": {"fit_time": 0.1342613697052002, "score_time": 0.019108057022094727, "test_RMSE": -3.5564512922893905, "train_RMSE": -3.076013688479974, "test_MAE": -3.2095241042925493, "train_MAE": -3.035147450110943, "test_rSq": -1.7543663386598922, "train_rSq": -1.2215163188485936}}, "2048ecfp-4": {"rf": {"fit_time": 3.1521568298339844, "score_time": 0.022059917449951172, "test_RMSE": -1.347895980614906, "train_RMSE": -0.507496454858084, "test_MAE": -0.9504081434700993, "train_MAE": -0.3524398006199451, "test_rSq": 0.6043595124312027, "train_rSq": 0.9395301340436826}, "xgb": {"fit_time": 10.44167423248291, "score_time": 0.020943403244018555, "test_RMSE": -1.237542722486202, "train_RMSE": -0.46038769889202114, "test_MAE": -0.9107386707753206, "train_MAE": -0.302378881292174, "test_rSq": 0.6664903742345767, "train_rSq": 0.9502354131733444}, "krr": {"fit_time": 0.1977376937866211, "score_time": 0.031562089920043945, "test_RMSE": -3.5434484109310675, "train_RMSE": -3.0655357259489913, "test_MAE": -3.2342588770848364, "train_MAE": -3.035147450111111, "test_rSq": -1.7342624631857047, "train_rSq": -1.2064075954013451}}, "2048ecfp-6": {"rf": {"fit_time": 75.95044875144958, "score_time": 0.1007695198059082, "test_RMSE": -1.3689820416908955, "train_RMSE": -0.459411657897159, "test_MAE": -0.9455402479751297, "train_MAE": -0.33167631690739663, "test_rSq": 0.5918841384767242, "train_rSq": 0.9504461954741417}, "xgb": {"fit_time": 33.46410512924194, "score_time": 0.02191615104675293, "test_RMSE": -1.3175255367318446, "train_RMSE": -0.22092463830918108, "test_MAE": -0.9735559112118408, "train_MAE": -0.11052951758188047, "test_rSq": 0.6219875923467155, "train_rSq": 0.9885406156605875}, "krr": {"fit_time": 0.21399855613708496, "score_time": 0.033837080001831055, "test_RMSE": -3.531211933977586, "train_RMSE": -3.0529229280868155, "test_MAE": -3.2099335726433624, "train_MAE": -3.035147450110921, "test_rSq": -1.715410787376356, "train_rSq": -1.1882889199632114}}, "1024ecfp-4 + RDKit": {"rf": {"fit_time": 3.307689666748047, "score_time": 0.016836166381835938, "test_RMSE": -0.5863853413293372, "train_RMSE": -0.26151039112484803, "test_MAE": -0.4378770147492626, "train_MAE": -0.1839203466371027, "test_rSq": 0.9251220092616044, "train_rSq": 0.983943500105162}, "xgb": {"fit_time": 4.274198055267334, "score_time": 0.014012575149536133, "test_RMSE": -0.5505379203494191, "train_RMSE": -0.2912659362067753, "test_MAE": -0.3940867804847987, "train_MAE": -0.2291695205332699, "test_rSq": 0.9339971866135349, "train_rSq": 0.9800816952275481}, "krr": {"fit_time": 0.15162897109985352, "score_time": 0.022459983825683594, "test_RMSE": -3.1153157981421264, "train_RMSE": -3.039077192377591, "test_MAE": -2.9798988644416733, "train_MAE": -3.0351474501136964, "test_rSq": -1.1134507253124726, "train_rSq": -1.168485102212852}}, "1024ecfp-6 + RDKit": {"rf": {"fit_time": 14.367280006408691, "score_time": 0.027414798736572266, "test_RMSE": -0.5911704164370646, "train_RMSE": -0.2436395741521347, "test_MAE": -0.4489470427728614, "train_MAE": -0.17681431966001473, "test_rSq": 0.9238949707004954, "train_rSq": 0.986063021060363}, "xgb": {"fit_time": 9.015380144119263, "score_time": 0.014526844024658203, "test_RMSE": -0.5278436639429335, "train_RMSE": -0.1262793032468689, "test_MAE": -0.3801460852538589, "train_MAE": -0.1007331426151576, "test_rSq": 0.9393265629832742, "train_rSq": 0.9962559871187924}, "krr": {"fit_time": 0.15802860260009766, "score_time": 0.022270917892456055, "test_RMSE": -3.1670389274174, "train_RMSE": -3.0438939362192365, "test_MAE": -3.0605709530640453, "train_MAE": -3.0351474501111477, "test_rSq": -1.184211930089198, "train_rSq": -1.1753643711221757}}, "2048ecfp-4 + RDKit": {"rf": {"fit_time": 19.219232082366943, "score_time": 0.038430213928222656, "test_RMSE": -0.5852146821941825, "train_RMSE": -0.24448572862193707, "test_MAE": -0.4387657463126848, "train_MAE": -0.17562287021433862, "test_rSq": 0.9254206835255322, "train_rSq": 0.9859660473631445}, "xgb": {"fit_time": 27.40220808982849, "score_time": 0.023749113082885742, "test_RMSE": -0.5440462460385241, "train_RMSE": -0.015418687265109126, "test_MAE": -0.4160836094754986, "train_MAE": -0.011067918251200421, "test_rSq": 0.9355445554872297, "train_rSq": 0.9999441828343129}, "krr": {"fit_time": 0.2115797996520996, "score_time": 0.03469991683959961, "test_RMSE": -3.2105150653129133, "train_RMSE": -3.038200639625645, "test_MAE": -3.0863450142606887, "train_MAE": -3.0351474501152285, "test_rSq": -1.2445919251956843, "train_rSq": -1.167234382113608}}, "2048ecfp-6 + RDKit": {"rf": {"fit_time": 18.290941953659058, "score_time": 0.03618574142456055, "test_RMSE": -0.5963566783415158, "train_RMSE": -0.24123340029933374, "test_MAE": -0.4495577669616519, "train_MAE": -0.17491973946784908, "test_rSq": 0.9225537941734206, "train_rSq": 0.9863369437212578}, "xgb": {"fit_time": 9.318257808685303, "score_time": 0.023289203643798828, "test_RMSE": -0.5521801959186254, "train_RMSE": -0.12699544670894275, "test_MAE": -0.4028475855261878, "train_MAE": -0.1011230591244814, "test_rSq": 0.9336028214778027, "train_rSq": 0.996213401309294}, "krr": {"fit_time": 0.22017168998718262, "score_time": 0.037258148193359375, "test_RMSE": -3.2413311987822087, "train_RMSE": -3.036533959549279, "test_MAE": -3.1280902125085954, "train_MAE": -3.035147450113674, "test_rSq": -1.2878881598511178, "train_rSq": -1.1648572543039788}}}