,RDKit,1024ecfp-4,1024ecfp-4 + RDKit,1024ecfp-6,1024ecfp-6 + RDKit,2048ecfp-4,2048ecfp-4 + RDKit,2048ecfp-6,2048ecfp-6 + RDKit
Random Forest,0.6009593426848229,1.2422675422714164,0.6018498474606306,1.2630042461066397,0.6105597918000755,1.2320528087338394,0.6031268801167246,1.2475895587862424,0.6119236980572524
XGBoost,0.5501161769559048,1.1961016487070757,0.5780082442835787,1.200491083859196,0.5681728649143195,1.1871694920066733,0.5926311611566415,1.2217954453445172,0.6024782722203074
Kernel Ridge,0.8201574774779243,1.8313906111316776,1.3866770078774702,1.7743237549164306,1.3237244529712608,1.8646088337543627,1.463234027243337,2.062440214500389,1.7061094663334115
GP-sklearn,0.6039751640828205,1.6221095594257626,0.7860740843017208,1.5888798976622818,0.7523419791399636,1.7089966806999648,0.8386125920404779,1.9145320832543902,0.9193307919958035
GP-GPflow,,1.0143970374901186,,1.045925831642212,,0.997895238019353,,1.0182330690097492,
