Model,Feature set,mean,std
xgb,1024ecfp-6 + RDKit,0.6091223774168234,0.047678322063773475
gp,RDKit,0.6587345637068794,0.03190512512700775
rf,2048ecfp-4 + RDKit,0.6690484342593243,0.0627873087463154
krr,RDKit,0.8742146519107542,0.010021229267198725
gpflow,2048ecfp-6,1.0293729161948013,0.009862302956136965
