,RDKit,1024ecfp-4,1024ecfp-4 + RDKit,1024ecfp-6,1024ecfp-6 + RDKit,2048ecfp-4,2048ecfp-4 + RDKit,2048ecfp-6,2048ecfp-6 + RDKit
Random Forest,0.6533954905075884,1.2455366404544241,0.6576018652250158,1.2647868052734756,0.6624364925843157,1.2329844898935327,0.6584233123378677,1.2518079138693559,0.6685491141009092
XGBoost,0.5970764993829758,1.1961016487070757,0.5955001829340318,1.200491083859196,0.627636119804316,1.1871694920066733,0.634045097753258,1.2217954453445172,0.5982343802331155
Kernel Ridge,0.8244286627358205,1.8313906111316776,1.3897456181886059,1.7743237549164306,1.3276592536909968,1.8646088337543627,1.4660678982275044,2.062440214500389,1.70960435437851
GP-sklearn,0.6128247182646694,1.6221095594257626,0.7967556237754035,1.5888798976622818,0.7625834922938823,1.7089966806999648,0.8507670424604866,1.9145320832543902,0.9346827670526369
GP-GPflow,,1.0143970374901186,,1.045925831642212,,0.997895238019353,,1.0182330690097492,
