Model,Feature set,mean,std
xgb,RDKit,0.6018831063943507,0.0782629686977831
gp,RDKit,0.66460896661304,0.03307830279573023
rf,RDKit,0.7305151155003117,0.08729724144570213
krr,RDKit,0.8770718407293573,0.01197262057068244
gpflow,2048ecfp-6,1.0293729161948013,0.009862302956136965
