,RDKit,1024ecfp-4,1024ecfp-4 + RDKit,1024ecfp-6,1024ecfp-6 + RDKit,2048ecfp-4,2048ecfp-4 + RDKit,2048ecfp-6,2048ecfp-6 + RDKit
Random Forest,1.318467606379582,2.3882997098787975,1.4093347646335717,2.471257900866248,1.4112708266471594,2.399716080380219,1.3605949277605864,2.4821644626962467,1.4083847888787924
XGBoost,1.0197499396886374,2.1216077211871114,1.1347395534029858,2.211658573609555,1.1940411654991718,1.8113120984413904,1.1378663192196903,2.2708430551190246,1.168250206221807
Kernel Ridge,1.880827564898648,3.923582379686978,3.362130277026855,4.172590038850248,3.6139465793498933,3.7942086966605575,3.2170456179378775,4.133178383165471,3.5994311015937996
GP-sklearn,1.6024188154265946,3.702557275636534,2.65868862994516,3.2352347316681485,1.4244024200647065,2.726547778511993,2.596580051090736,2.7575377174130478,1.3031390835658205
GP-GPflow,,1.8153777908461237,,1.9438331841802892,,1.7573584553531052,,1.8629045093283825,
