Model,Feature set,mean,std
xgb,RDKit,0.9191437566741985,0.19498280738151097
rf,RDKit,1.1196631080934496,0.11655862773197274
gp,1024ecfp-6 + RDKit,1.2771985552000977,0.1626546119438704
krr,RDKit,1.9033775061765021,0.3474933671604229
gpflow,2048ecfp-4,2.022482892234754,0.27267796309810544
