Model,Feature set,mean,std
gp,RDKit,0.6326990330037838,0.026320484823695308
xgb,1024ecfp-4 + RDKit,0.6363220904305424,0.020775125556533783
krr,RDKit,0.6656120334939409,0.05216840717769401
rf,1024ecfp-4 + RDKit,0.67099674337315,0.02163595754125149
gpflow,2048ecfp-4,0.6870524728614278,0.0652835525038975
