,RDKit,1024ecfp-4,1024ecfp-4 + RDKit,1024ecfp-6,1024ecfp-6 + RDKit,2048ecfp-4,2048ecfp-4 + RDKit,2048ecfp-6,2048ecfp-6 + RDKit
Random Forest,0.6630371517785827,0.809011795672813,0.6487654748816032,0.8434170521134435,0.6548380729259016,0.775044524476962,0.6492235520890599,0.8132621215724466,0.6515539019283977
XGBoost,0.630900284693385,0.7867804807392246,0.6175270298460971,0.8198659360891719,0.6268436132250105,0.7618442798374835,0.6152249771731683,0.7898711193464137,0.6191201208017058
Kernel Ridge,0.6410925922281541,0.8411889399802103,0.6794297472540004,0.8313208132086208,0.6615723442820162,0.9136592958829516,0.8073088581127742,0.8515201263007172,0.7082645362510332
GP-sklearn,0.5939161242167411,1.0496100030731357,0.6346984795305528,1.0168076619320623,10.0,0.8214714529516782,0.6661959632494296,1.1594816137774935,10.0
GP-GPflow,,0.7372324677987422,,0.7805194614535442,,0.6998935764408948,,0.7430654186883454,
