{"RDKit": {"rf": {"fit_time": 0.18978071212768555, "score_time": 0.0075836181640625, "test_RMSE": -1.1497865175761977, "train_RMSE": -0.36587148905045874, "test_MAE": -1.0421399999999998, "train_MAE": -0.2829674999999999, "test_rSq": -0.09693452540481351, "train_rSq": 0.9230555644730072}, "xgb": {"fit_time": 0.04523777961730957, "score_time": 0.005285739898681641, "test_RMSE": -2.206861643932988, "train_RMSE": -1.9305855396881713, "test_MAE": -1.9759796147346496, "train_MAE": -1.7206098812222481, "test_rSq": -3.0410711346910295, "train_rSq": -1.1423882611451726}, "krr": {"fit_time": 0.016118764877319336, "score_time": 0.0077664852142333984, "test_RMSE": -2.9014727928067376, "train_RMSE": -2.0854999977178235, "test_MAE": -2.1225801005666143, "train_MAE": -2.0854999975127138, "test_rSq": -5.985271445792745, "train_rSq": -1.5000026529987998}}, "1024ecfp-4": {"rf": {"fit_time": 0.2700960636138916, "score_time": 0.013025760650634766, "test_RMSE": -1.0954800007302734, "train_RMSE": -0.4821211803063626, "test_MAE": -0.92696, "train_MAE": -0.3751475, "test_rSq": 0.0042388247447486815, "train_rSq": 0.866391987284177}, "xgb": {"fit_time": 0.12054681777954102, "score_time": 0.01044464111328125, "test_RMSE": -2.222091364850315, "train_RMSE": -1.9417108443489166, "test_MAE": -1.9908656482696532, "train_MAE": -1.7333397487699986, "test_rSq": -3.097039071795895, "train_rSq": -1.1671511087831306}, "krr": {"fit_time": 0.035460472106933594, "score_time": 0.015883684158325195, "test_RMSE": -2.717028693815093, "train_RMSE": -2.0855000160015713, "test_MAE": -2.494416963462718, "train_MAE": -2.085500016001559, "test_rSq": -5.125403919742238, "train_rSq": -1.5000026968342532}}, "1024ecfp-6": {"rf": {"fit_time": 0.3101768493652344, "score_time": 0.012946128845214844, "test_RMSE": -1.297946401050521, "train_RMSE": -0.5227234570018836, "test_MAE": -1.10454, "train_MAE": -0.4086725000000001, "test_rSq": -0.3978475171861582, "train_rSq": 0.8429405541602977}, "xgb": {"fit_time": 0.13798785209655762, "score_time": 0.013927221298217773, "test_RMSE": -2.2262550884854044, "train_RMSE": -1.9425830853287438, "test_MAE": -1.996940267562866, "train_MAE": -1.7343730295598507, "test_rSq": -3.112407405507998, "train_rSq": -1.169098569271814}, "krr": {"fit_time": 0.03570914268493652, "score_time": 0.016227245330810547, "test_RMSE": -2.869281600902831, "train_RMSE": -2.0855000320928023, "test_MAE": -2.6807290135789663, "train_MAE": -2.085500032092794, "test_rSq": -5.831131241493641, "train_rSq": -1.5000027354131262}}, "2048ecfp-4": {"rf": {"fit_time": 0.32068467140197754, "score_time": 0.01882767677307129, "test_RMSE": -0.980282365443753, "train_RMSE": -0.5438305407017889, "test_MAE": -0.8755, "train_MAE": -0.40935500000000014, "test_rSq": 0.20265061712517174, "train_rSq": 0.8300006469423494}, "xgb": {"fit_time": 0.16979360580444336, "score_time": 0.01921558380126953, "test_RMSE": -2.2206758420477715, "train_RMSE": -1.940301699118902, "test_MAE": -1.9896367375850676, "train_MAE": -1.7323056469261648, "test_rSq": -3.091820919987038, "train_rSq": -1.1640067451018097}, "krr": {"fit_time": 0.07064270973205566, "score_time": 0.03162193298339844, "test_RMSE": -2.717495593883062, "train_RMSE": -2.085500018436554, "test_MAE": -2.4597151890187527, "train_MAE": -2.085500018436549, "test_rSq": -5.1275093058525085, "train_rSq": -1.5000027026721465}}, "2048ecfp-6": {"rf": {"fit_time": 0.41907405853271484, "score_time": 0.019240140914916992, "test_RMSE": -1.1063829373232397, "train_RMSE": -0.5267753724311721, "test_MAE": -0.9354600000000002, "train_MAE": -0.40342500000000003, "test_rSq": -0.015680749428510943, "train_rSq": 0.8404962096679512}, "xgb": {"fit_time": 0.2110896110534668, "score_time": 0.01647782325744629, "test_RMSE": -2.2243580720506237, "train_RMSE": -1.9418074036156185, "test_MAE": -1.9925538246631622, "train_MAE": -1.7334753701984884, "test_rSq": -3.10540193638053, "train_rSq": -1.1673666544969632}, "krr": {"fit_time": 0.06093144416809082, "score_time": 0.027569055557250977, "test_RMSE": -2.7745615105796415, "train_RMSE": -2.085500030820959, "test_MAE": -2.5346990518644454, "train_MAE": -2.0855000308209566, "test_rSq": -5.387560064214194, "train_rSq": -1.5000027323638707}}, "1024ecfp-4 + RDKit": {"rf": {"fit_time": 0.39728856086730957, "score_time": 0.0157010555267334, "test_RMSE": -1.0232593727887371, "train_RMSE": -0.3768389198318029, "test_MAE": -0.9570399999999998, "train_MAE": -0.2963675, "test_rSq": 0.1312041354646799, "train_rSq": 0.9183734234013504}, "xgb": {"fit_time": 0.1523761749267578, "score_time": 0.01157689094543457, "test_RMSE": -2.2066162223434587, "train_RMSE": -1.930469164328269, "test_MAE": -1.9756554071903227, "train_MAE": -1.720323326677084, "test_rSq": -3.040172382422048, "train_rSq": -1.1421299833477927}, "krr": {"fit_time": 0.0408787727355957, "score_time": 0.01839447021484375, "test_RMSE": -2.583783110031584, "train_RMSE": -2.085500016484417, "test_MAE": -2.4108331157499925, "train_MAE": -2.0855000164844095, "test_rSq": -4.539344714450049, "train_rSq": -1.5000026979918801}}, "1024ecfp-6 + RDKit": {"rf": {"fit_time": 0.41402578353881836, "score_time": 0.014694690704345703, "test_RMSE": -0.9825733540046769, "train_RMSE": -0.3755323940753979, "test_MAE": -0.9275400000000001, "train_MAE": -0.29327500000000006, "test_rSq": 0.19891933935453887, "train_rSq": 0.9189384518132133}, "xgb": {"fit_time": 0.17853808403015137, "score_time": 0.011945724487304688, "test_RMSE": -2.2075806222769656, "train_RMSE": -1.9304986919005445, "test_MAE": -1.9767554347515106, "train_MAE": -1.7203576336205006, "test_rSq": -3.04370466264744, "train_rSq": -1.1421955139274171}, "krr": {"fit_time": 0.041532278060913086, "score_time": 0.018623828887939453, "test_RMSE": -2.6585875744167144, "train_RMSE": -2.0855000263477033, "test_MAE": -2.498961961050518, "train_MAE": -2.085500026347698, "test_rSq": -4.864732709785591, "train_rSq": -1.5000027216391985}}, "2048ecfp-4 + RDKit": {"rf": {"fit_time": 0.41623377799987793, "score_time": 0.02070140838623047, "test_RMSE": -1.021316922409494, "train_RMSE": -0.39384887964801923, "test_MAE": -0.9406400000000004, "train_MAE": -0.3019799999999999, "test_rSq": 0.13449947020581887, "train_rSq": 0.9108381007370574}, "xgb": {"fit_time": 0.1986408233642578, "score_time": 0.017966270446777344, "test_RMSE": -2.206602327217998, "train_RMSE": -1.9304568536706146, "test_MAE": -1.9758650069236754, "train_MAE": -1.7203162635266782, "test_rSq": -3.040121500420173, "train_rSq": -1.1421026625852768}, "krr": {"fit_time": 0.06911683082580566, "score_time": 0.028763532638549805, "test_RMSE": -2.591830211371797, "train_RMSE": -2.0855000167521687, "test_MAE": -2.3746336341742427, "train_MAE": -2.0855000167521647, "test_rSq": -4.573902632856841, "train_rSq": -1.500002698633816}}, "2048ecfp-6 + RDKit": {"rf": {"fit_time": 0.48703742027282715, "score_time": 0.02153468132019043, "test_RMSE": -1.0624418779396831, "train_RMSE": -0.3521048629314852, "test_MAE": -0.99616, "train_MAE": -0.27219749999999987, "test_rSq": 0.06339462904035442, "train_rSq": 0.9287369955175316}, "xgb": {"fit_time": 0.2360081672668457, "score_time": 0.01854991912841797, "test_RMSE": -2.2075467134692337, "train_RMSE": -1.9306002008011722, "test_MAE": -1.9767746334075926, "train_MAE": -1.7204226220548153, "test_rSq": -3.0435804396410635, "train_rSq": -1.1424208004085283}, "krr": {"fit_time": 0.06598448753356934, "score_time": 0.029641389846801758, "test_RMSE": -2.659248048754627, "train_RMSE": -2.085500025477495, "test_MAE": -2.4453053475497293, "train_MAE": -2.085500025477493, "test_rSq": -4.867647029132697, "train_rSq": -1.5000027195528665}}}