{"RDKit": {"rf": {"fit_time": 1.3077595233917236, "score_time": 0.04604840278625488, "test_RMSE": -1.103690770098219, "test_MAE": -0.8122999999999998, "test_rSq": 0.3783778171508122}, "xgb": {"fit_time": 0.7792019844055176, "score_time": 0.04418206214904785, "test_RMSE": -1.773114969574763, "test_MAE": -1.5868345954418182, "test_rSq": -0.6043734832803533}, "krr": {"fit_time": 0.14576482772827148, "score_time": 0.04331159591674805, "test_RMSE": -15.892148438486673, "test_MAE": -6.633389023851372, "test_rSq": -127.8833774532479}}, "1024ecfp-4": {"rf": {"fit_time": 1.3745434284210205, "score_time": 0.04549837112426758, "test_RMSE": -1.1053267842588452, "test_MAE": -0.8294599999999999, "test_rSq": 0.3765335751508979}, "xgb": {"fit_time": 0.7707512378692627, "score_time": 0.04380965232849121, "test_RMSE": -1.773114969574763, "test_MAE": -1.5868345954418182, "test_rSq": -0.6043734832803533}, "krr": {"fit_time": 0.12396836280822754, "score_time": 0.04342818260192871, "test_RMSE": -15.892148438486673, "test_MAE": -6.633389023851372, "test_rSq": -127.8833774532479}}, "1024ecfp-6": {"rf": {"fit_time": 1.2747423648834229, "score_time": 0.045548200607299805, "test_RMSE": -1.2156919741447667, "test_MAE": -0.9282, "test_rSq": 0.24581345210562955}, "xgb": {"fit_time": 0.7539534568786621, "score_time": 0.043843746185302734, "test_RMSE": -1.773114969574763, "test_MAE": -1.5868345954418182, "test_rSq": -0.6043734832803533}, "krr": {"fit_time": 0.11684060096740723, "score_time": 0.04280591011047363, "test_RMSE": -15.892148438486673, "test_MAE": -6.633389023851372, "test_rSq": -127.8833774532479}}, "2048ecfp-4": {"rf": {"fit_time": 1.292191505432129, "score_time": 0.0518338680267334, "test_RMSE": -1.202572587414165, "test_MAE": -0.9264200000000002, "test_rSq": 0.2620035333669455}, "xgb": {"fit_time": 0.763725757598877, "score_time": 0.04356980323791504, "test_RMSE": -1.773114969574763, "test_MAE": -1.5868345954418182, "test_rSq": -0.6043734832803533}, "krr": {"fit_time": 0.1087043285369873, "score_time": 0.04436779022216797, "test_RMSE": -15.892148438486673, "test_MAE": -6.633389023851372, "test_rSq": -127.8833774532479}}, "2048ecfp-6": {"rf": {"fit_time": 1.2639706134796143, "score_time": 0.04460787773132324, "test_RMSE": -1.1458362832446878, "test_MAE": -0.8794600000000001, "test_rSq": 0.32999688304371677}, "xgb": {"fit_time": 0.7561004161834717, "score_time": 0.044754743576049805, "test_RMSE": -1.773114969574763, "test_MAE": -1.5868345954418182, "test_rSq": -0.6043734832803533}, "krr": {"fit_time": 0.1149744987487793, "score_time": 0.044585466384887695, "test_RMSE": -15.892148438486673, "test_MAE": -6.633389023851372, "test_rSq": -127.8833774532479}}, "1024ecfp-4 + RDKit": {"rf": {"fit_time": 1.2795987129211426, "score_time": 0.045273780822753906, "test_RMSE": -1.187695959410488, "test_MAE": -0.90506, "test_rSq": 0.2801496159428132}, "xgb": {"fit_time": 0.7736351490020752, "score_time": 0.044269561767578125, "test_RMSE": -1.773114969574763, "test_MAE": -1.5868345954418182, "test_rSq": -0.6043734832803533}, "krr": {"fit_time": 0.11029839515686035, "score_time": 0.04307055473327637, "test_RMSE": -15.892148438486673, "test_MAE": -6.633389023851372, "test_rSq": -127.8833774532479}}, "1024ecfp-6 + RDKit": {"rf": {"fit_time": 1.259690761566162, "score_time": 0.04434704780578613, "test_RMSE": -1.1256903019925153, "test_MAE": -0.7714000000000001, "test_rSq": 0.35334962778193946}, "xgb": {"fit_time": 0.7535371780395508, "score_time": 0.0480496883392334, "test_RMSE": -1.773114969574763, "test_MAE": -1.5868345954418182, "test_rSq": -0.6043734832803533}, "krr": {"fit_time": 0.11045289039611816, "score_time": 0.04338240623474121, "test_RMSE": -15.892148438486673, "test_MAE": -6.633389023851372, "test_rSq": -127.8833774532479}}, "2048ecfp-4 + RDKit": {"rf": {"fit_time": 1.3039941787719727, "score_time": 0.04531741142272949, "test_RMSE": -1.1524329082423843, "test_MAE": -0.8816399999999998, "test_rSq": 0.32226020767461183}, "xgb": {"fit_time": 0.7576661109924316, "score_time": 0.04337143898010254, "test_RMSE": -1.773114969574763, "test_MAE": -1.5868345954418182, "test_rSq": -0.6043734832803533}, "krr": {"fit_time": 0.11712980270385742, "score_time": 0.04357457160949707, "test_RMSE": -15.892148438486673, "test_MAE": -6.633389023851372, "test_rSq": -127.8833774532479}}, "2048ecfp-6 + RDKit": {"rf": {"fit_time": 1.2532322406768799, "score_time": 0.04564189910888672, "test_RMSE": -1.1631936382219425, "test_MAE": -0.8774399999999998, "test_rSq": 0.30954445898252936}, "xgb": {"fit_time": 0.7568788528442383, "score_time": 0.04368233680725098, "test_RMSE": -1.773114969574763, "test_MAE": -1.5868345954418182, "test_rSq": -0.6043734832803533}, "krr": {"fit_time": 0.11449646949768066, "score_time": 0.04900670051574707, "test_RMSE": -15.892148438486673, "test_MAE": -6.633389023851372, "test_rSq": -127.8833774532479}}}